<launch>
  <arg name="camera"      default="camera"/>
  <arg name="publish_tf"  default="false"/>
  <!-- Factory-calibrated depth registration -->
  <arg name="depth_registration"              default="true"/>
  <arg     if="$(arg depth_registration)" name="depth" value="depth_registered" />
  <arg unless="$(arg depth_registration)" name="depth" value="depth" />

  <!-- Processing Modules -->
  <arg name="launch_camera"                   default="false"/>                                      
  <arg name="rgb_processing"                  default="true"/>                                      
  <arg name="ir_processing"                   default="true"/>                                      
  <arg name="depth_processing"                default="true"/>                                      
  <arg name="depth_registered_processing"     default="true"/>                                      
  <arg name="disparity_processing"            default="true"/>                                      
  <arg name="disparity_registered_processing" default="true"/>                                      
  <arg name="scan_processing"                 default="true"/>                                      
                                                                                                    
  <!-- Worker threads for the nodelet manager -->                                                   
  <arg name="num_worker_threads" default="4" />

  <!-- Start nodelet manager in provided namespace -->
  <group ns="$(arg camera)">
    <arg name="manager" value="$(arg camera)_nodelet_manager" />
    <arg name="debug" default="false" /> <!-- Run manager in GDB? -->
    <include file="$(find rgbd_launch)/launch/includes/manager.launch.xml">
      <arg name="name"                value="$(arg manager)" />
      <arg name="debug"               value="$(arg debug)" />
      <arg name="num_worker_threads"  value="$(arg num_worker_threads)" />
    </include>
  </group>

  <!-- Not such a good idea to automatically launch the R200, but the day the firmware bug is corrected this can be useful -->
  <include if="$(arg launch_camera)" file="$(find realsense_camera)/realsense_r200_nodelet_standalone_preset.launch" />                                                                                 
</launch>
