<launch>
<!-- rgbd_launch -->
    <!-- Name of nodelet manager, must be fully resolved -->
    <arg name="manager" />
    <arg name="camera"              default="camera" />
    <arg name="publish_tf"          default="true" />
    <arg name="depth"               default="depth" />
    <arg name="rgb"                 default="rgb" />
    <arg name="ir"                  default="ir" />
    <arg name="depth_processing"    default="" />
    <arg name="rgb_processing"      default="" />
    <arg name="ir_processing"       default="" />
<!-- rgbd_launch -->

<!-- RealSense -->
    <arg name="serial_no"           default="" />
    <arg name="mode"                default="preset" />
    <arg name="ir2"                 default="ir2" />
    <arg name="depth_width"         default="480" />
    <arg name="depth_height"        default="360" />
    <arg name="color_width"	    default="640" />
    <arg name="color_height"	    default="480" />
    <arg name="color_fps"         default="30" />
    <arg name="depth_fps"        default="30" />

    <!-- "enable_depth_ir" will take the value of "enable_ir" only if "enable_ir" is true.
         Else "enable_depth_ir" will take the value of "enable_depth" -->
    <!--arg name="enable_depth_ir"     value="$(arg ir_processing)"    if="$(arg ir_processing)" /-->
    <arg name="enable_depth_ir"     value="$(arg depth_processing)"/> <!-- unless="$(arg depth_processing)" /-->

     <!-- "enable_pointcloud" is set to false by default because rgbd launch uses standard ROS packages
          to generate point clouds. -->          
    <arg name="enable_pointcloud"   default="false" />
<!-- RealSense -->

    <node pkg="nodelet" type="nodelet" name="camera_nodelet"
        args="load realsense_camera/RealsenseNodelet $(arg manager)">
        <param name="serial_no"         type="str"  value="$(arg serial_no)" />
        <param name="mode"              type="str"  value="$(arg mode)" />
        <param name="enable_depth"      type="bool" value="$(arg enable_depth_ir)" />
        <param name="enable_color"      type="bool" value="$(arg rgb_processing)" />
        <param name="enable_pointcloud" type="bool" value="$(arg enable_pointcloud)" />
        <param name="enable_tf"         type="bool" value="$(arg publish_tf)" />
        <param name="depth_frame_id"    type="str"  value="$(arg camera)_$(arg depth)_frame" />
        <param name="color_frame_id"    type="str"  value="$(arg camera)_$(arg rgb)_frame" />
        <param name="base_frame_id"     type="str"  value="$(arg camera)_link" />
        <param name="depth_optical_frame_id"  type="str"  value="$(arg camera)_$(arg depth)_optical_frame" />
        <param name="color_optical_frame_id"  type="str"  value="$(arg camera)_$(arg rgb)_optical_frame" />
        <param name="ir_frame_id"       type="str"  value="$(arg camera)_$(arg ir)_frame" />
        <param name="ir2_frame_id"      type="str"  value="$(arg camera)_$(arg ir2)_frame" />

<!--        <param name="depth_frame_id"    type="str"  value="$(arg depth_frame_id)" />
        <param name="rgb_frame_id"      type="str"  value="$(arg rgb_frame_id)" /> -->
        <param name="depth_height"      type="int"  value="$(arg depth_height)" />
        <param name="depth_width"       type="int"  value="$(arg depth_width)" />
	<param name="color_width"	type="int"  value="$(arg color_width)" />
	<param name="color_height"	type="int"  value="$(arg color_height)" />
        <param name="color_fps"      type="int"  value="$(arg color_fps)" />
        <param name="depth_fps"       type="int"  value="$(arg depth_fps)" />
        <param name="camera"         type="str"  value="$(arg camera)" />

        <remap from="camera/depth/image_raw"        to="$(arg depth)/image_raw" />
        <remap from="camera/color/image_raw"        to="$(arg rgb)/image_raw" />
        <remap from="camera/infrared1/image_raw"    to="$(arg ir)/image_raw" />
        <remap from="camera/infrared2/image_raw"    to="$(arg ir2)/image_raw" />
        <remap from="camera/depth/points"           to="$(arg depth)/points" />
        <remap from="camera/depth/camera_info"      to="$(arg depth)/camera_info" />
        <remap from="camera/color/camera_info"      to="$(arg rgb)/camera_info" />
        <remap from="camera/infrared1/camera_info"  to="$(arg ir)/camera_info" />
        <remap from="camera/infrared2/camera_info"  to="$(arg ir2)/camera_info" />
    </node>
</launch> 
